幣,訊號時間_台北,版本,進場價,報酬pct,狀態
ADAUSDT,2026-10-07 10:05,A_1小時,0.2529,0.058,已結算
ADAUSDT,2026-10-07 10:05,B_4小時,0.2529,1.403,已結算
AVAXUSDT,2026-10-07 10:15,A_1小時,11.094,-1.416,已結算
AVAXUSDT,2026-10-07 10:15,B_4小時,11.094,1.288,已結算
AVAXUSDT,2026-10-07 18:10,A_1小時,11.056,-0.299,已結算
AVAXUSDT,2026-10-07 18:10,B_4小時,11.056,2.152,已結算
BNBUSDT,2026-10-07 10:05,A_1小時,761.23,0.533,已結算
BNBUSDT,2026-10-07 10:05,B_4小時,761.23,1.014,已結算
DOGEUSDT,2026-10-07 10:05,A_1小時,0.08971,0.413,已結算
DOGEUSDT,2026-10-07 10:05,B_4小時,0.08971,0.725,已結算
DOGEUSDT,2026-10-07 18:15,A_1小時,0.08927,0.001,已結算
DOGEUSDT,2026-10-07 18:15,B_4小時,0.08927,-1.142,已結算
DOGEUSDT,2026-10-08 12:50,A_1小時,0.0875,-0.203,已結算
DOGEUSDT,2026-10-08 12:50,B_4小時,0.0875,0.231,已結算
LINKUSDT,2026-10-07 10:05,A_1小時,13.417,1.1,已結算
LINKUSDT,2026-10-07 10:05,B_4小時,13.417,1.793,已結算
LTCUSDT,2026-10-08 12:45,A_1小時,64.18,0.305,已結算
LTCUSDT,2026-10-08 12:45,B_4小時,64.18,0.29,已結算
XRPUSDT,2026-10-07 11:00,A_1小時,1.4607,0.16,已結算
XRPUSDT,2026-10-07 11:00,B_4小時,1.4607,0.817,已結算
